-- phpMyAdmin SQL Dump
-- version 5.2.0
-- https://www.phpmyadmin.net/
--
-- Host: 127.0.0.1
-- Generation Time: Oct 11, 2022 at 03:49 AM
-- Server version: 10.4.25-MariaDB
-- PHP Version: 8.1.10

SET SQL_MODE = "NO_AUTO_VALUE_ON_ZERO";
START TRANSACTION;
SET time_zone = "+00:00";


/*!40101 SET @OLD_CHARACTER_SET_CLIENT=@@CHARACTER_SET_CLIENT */;
/*!40101 SET @OLD_CHARACTER_SET_RESULTS=@@CHARACTER_SET_RESULTS */;
/*!40101 SET @OLD_COLLATION_CONNECTION=@@COLLATION_CONNECTION */;
/*!40101 SET NAMES utf8mb4 */;

--
-- Database: `campusvis`
--

-- --------------------------------------------------------

--
-- Table structure for table `table_campus`
--

CREATE TABLE `table_campus` (
  `id_campus` int(10) NOT NULL,
  `name_campus` varchar(255) DEFAULT NULL
) ENGINE=InnoDB DEFAULT CHARSET=utf8;

--
-- Dumping data for table `table_campus`
--

INSERT INTO `table_campus` (`id_campus`, `name_campus`) VALUES
(1, 'วิทยาเขตหาดใหญ่'),
(2, 'วิทยาเขตปัตตานี'),
(3, 'วิทยาเขตภูเก็ต'),
(4, 'วิทยาเขตสุราษฎร์ธานี'),
(5, 'วิทยาเขตตรัง');

-- --------------------------------------------------------

--
-- Table structure for table `table_department`
--

CREATE TABLE `table_department` (
  `id_department` int(10) NOT NULL,
  `name_department` varchar(255) DEFAULT NULL,
  `id_faculty` int(10) DEFAULT NULL
) ENGINE=InnoDB DEFAULT CHARSET=utf8;

--
-- Dumping data for table `table_department`
--

INSERT INTO `table_department` (`id_department`, `name_department`, `id_faculty`) VALUES
(1, 'สาขาวิชาคณิตศาสตร์', 1),
(2, 'สาขาวิชาเคมี', 1),
(3, 'สาขาวิชาภาษาอังกฤษ', 2),
(4, 'สาขาวิชาชีววิทยา', 1),
(5, 'สาขาวิชาฟิสิกส์', 1),
(6, 'สาขาเคมี-ชีววิทยาประยุกต์', 1),
(7, 'สาขาวิทยาการคอมพิวเตอร์', 1),
(8, 'สาขาวิชาจุลชีววิทยา', 1),
(9, 'สาขาวิชาวัสดุศาสตร์', 1),
(10, 'สาขาวิชาวิทยาศาสตร์พอลิเมอร์', 1),
(11, 'สาขาวิชาเทคโนโลยีชีวภาพ', 1),
(12, 'สาขาวิชาสถิติ', 1),
(13, 'สาขาวิชาเทคโนโลยีสารสนเทศและการสื่อสาร', 1),
(14, 'สาขาวิชาเทคโนโลยีสารสนเทศ (หลักสูตรต่อเนื่อง) (ทล.บ.)', 1),
(15, 'สาขาวิชาวิศวกรรมไฟฟ้า', 4),
(16, 'สาขาวิชาวิศวกรรมชีวการแพทย์', 4),
(17, 'สาขาวิชาวิศวกรรมเครื่องกล', 4),
(18, 'สาขาวิชาวิศวกรรมเมคาทรอนิกส์', 4),
(19, 'สาขาวิชาวิศวกรรมโยธา', 4),
(20, 'สาขาวิชาเทคโนโลยีภูมิสารสนเทศสิ่งแวดล้อม', 19),
(21, 'สาขาวิชาเทคโนโลยีและการจัดการสิ่งแวดล้อม', 19),
(22, 'สาขาวิชาวิทยาศาสตร์ทางทะเลและการจัดการชายฝั่ง', 19),
(29, 'สาขาวิชาเอกการจัดการไมซ์', 8),
(30, 'สาขาวิชาเอกการเงินและการลงทุน', 8),
(31, 'สาขาวิชาเอกการตลาด', 8),
(33, 'สาขาสรีรวิทยา', 1),
(36, 'สาขากระเทียมเจียว', 28),
(37, 'สาขาวิชาเกษตรศาสตร์', 9),
(38, 'สาขาวิชาสัตวศาสตร์', 9),
(39, 'สาขาวิชาวาริชศาสตร์', 9),
(40, 'สาขาวิชาสื่อสร้างสรรค์และเทคโนโลยีดิจิทัล (หลักสูตรนานาชาติ) (วท.บ.)', 31),
(41, 'สาขาวิชาวิศวกรรมและการจัดการอุตสาหกรรมยาง (หลักสูตรนานาชาติ) (วศ.บ.)', 31),
(42, 'สาขาวิชานวัตกรรมธุรกิจอิสลาม', 25),
(43, 'สาขาวิชาการสอนอิสลามศึกษา', 25),
(44, 'สาขาวิชาอิสลามศึกษา', 25),
(45, 'สาขาวิชากฎหมายอิสลาม', 25),
(46, 'สาขาอิสลามศึกษา (หลักสูตรนานาชาติ)', 25),
(47, 'สาขาวิชาเศรษฐศาสตร์', 29),
(48, 'สาขาวิชาเศรษฐศาสตร์เกษตรและธุรกิจเกษตร (เศรษฐศาสตร์ธุรกิจเกษตรและการจัดการ)', 29),
(49, 'สาขาวิชาธุรกิจระหว่างประเทศ: จีน (หลักสูตรนานาชาติ)', 26),
(50, 'สาขาวิชานานาชาติศึกษา (หลักสูตรนานาชาติ)', 26),
(51, 'วิชาเอกจีนศึกษา', 26),
(52, 'วิชาเอกเกาหลีศึกษา', 26),
(53, 'วิชาเอกไทยและอาเซียนศึกษา', 26),
(54, 'วิชาเอกยุโรปศึกษา', 26),
(55, 'สาขาวิชาเทคโนโลยีสารสนเทศ', 34),
(56, 'สาขาวิชาอาชีวอนามัยและความปลอดภัย', 34),
(57, 'สาขาวิชาเทคโนโลยีการจัดการอุตสาหกรรมวัสดุ', 34),
(58, 'สาขาวิชาเคมีเพื่ออุตสาหกรรม', 34),
(59, 'สาขาวิชาสิ่งแวดล้อมเพื่อความยั่งยืน', 34),
(60, 'สาขาวิชาการจัดการงานวิศวกรรม (วศ.บ.)', 34),
(61, 'สาขาวิชาฟิสิกส์', 2),
(62, 'สาขาวิชาเคมี', 2),
(63, 'สาขาวิชาชีววิทยา', 2),
(64, 'สาขาวิชาคณิตศาสตร์', 2),
(65, 'สาขาวิชาวิทยาศาสตร์ทั่วไป', 2),
(66, 'สาขาวิชาภาษาไทย', 2),
(67, 'สาขาวิชาการบัญชี', 35),
(68, 'สาขาวิชาการจัดการสารสนเทศและเทคโนโลยีดิจิทัล', 35),
(69, 'สาขาวิชาการเงิน ประกันภัยและการจัดการความเสี่ยง', 35),
(70, 'สาขาวิชาการจัดการการท่องเที่ยว', 35),
(71, 'สาขาวิชาการตลาด', 35),
(72, 'สาขาวิชาการจัดการรัฐกิจ (รป.บ.)', 35),
(73, 'สาขาวิชาภาษาอังกฤษธุรกิจ (ศศ.บ.)', 35),
(74, 'สาขาวิชาศิลปะการแสดงและการจัดการ (ศศ.บ.)', 35),
(75, 'สาขาวิชาธุรกิจดิจิทัล', 35),
(76, 'หลักสูตรบัญชีบัณฑิต', 36),
(77, 'สาขาวิชาการจัดการธุรกิจการท่องเที่ยว', 36),
(78, 'สาขาวิชาเศรษฐศาสตร์ธุรกิจ (ศ.บ.)', 36),
(79, 'สาขาวิชาการจัดการรัฐกิจ (รป.บ.)', 36),
(80, 'สาขาวิชาการจัดการธุรกิจ', 36);

-- --------------------------------------------------------

--
-- Table structure for table `table_department_master`
--

CREATE TABLE `table_department_master` (
  `id_department` int(11) NOT NULL,
  `name_department` varchar(255) DEFAULT NULL,
  `id_faculty` int(11) DEFAULT NULL
) ENGINE=InnoDB DEFAULT CHARSET=utf8mb4;

--
-- Dumping data for table `table_department_master`
--

INSERT INTO `table_department_master` (`id_department`, `name_department`, `id_faculty`) VALUES
(1, 'สาขาวิชากายวิภาคศาสตร์', 1),
(2, 'สาขาวิชาคณิตศาสตร์', 1),
(3, 'สาขาวิชาเคมี (หลักสูตรนานาชาติ)', 1),
(4, 'สาขาวิชาจุลชีววิทยา (หลักสูตรนานาชาติ)', 1),
(5, 'สาขาวิชาชีวเคมี', 1),
(6, 'สาขาวิชาวิศวกรรมไฟฟ้า', 4),
(7, 'สาขาวิชาเทคโนโลยีและการจัดการสิ่งแวดล้อม', 19),
(8, 'สาขาวิชาวิทยาศาสตร์ระบบโลก (หลักสูตรนานาชาติ)', 19),
(9, 'สาขาวิชาวิทยาศาสตร์เพื่ออุตสาหกรร', 1),
(10, 'สาขาวิชาวิทยาศาสตร์และเทคโนโลยีพอลิเมอร์', 1),
(11, 'สาขาวิชาสถิติประยุกต์ ', 1),
(13, 'สาขาวิชากีฏวิทยา', 9),
(14, 'สาขาวิชาโรคพืชวิทยา', 9),
(15, 'สาขาวิชาพัฒนาการเกษตร', 9),
(16, 'สาขาวิชาพืชศาสตร์', 9),
(17, 'สาขาวิชาวาริชศาสตร์', 9),
(18, 'สาขาวิชาสัตวศาสตร์', 9),
(19, 'สาขาวิชาการจัดการสิ่งแวดล้อม', 32),
(20, 'สาขาวิชาการจัดการพลังงานอย่างยั่งยืน (หลักสูตรนานาชาติ)', 32),
(21, 'สาขาวิชาการจัดการทรัพยากรทะเลและชายฝั่ง', 32),
(22, 'สาขาวิชาการจัดการท่องเที่ยวเชิงนิเวศชุมชน', 32),
(23, 'สาขาวิชาความขัดแย้งและสันติศึกษา (ศศ.ม)', 33),
(24, 'สาขาวิชาอิสลามศึกษา', 25),
(25, 'สาขาวิชาการบริหารและการจัดการการศึกษาอิสลาม', 25),
(26, 'สาขาวิชาเศรษฐศาสตร์เกษตรและธุรกิจเกษตร (การจัดการธุรกิจเกษตร)', 29),
(27, 'สาขาวิชาภาษาและวัฒนธรรมจีน (หลักสูตรนานาชาติ)', 26),
(28, 'สาขาวิชาเทคโนโลยียาง', 33),
(29, 'สาขาวิชาเคมีประยุกต์ ', 34),
(30, 'สาขาวิชาคณิตศาสตร์ประยุกต์และวิทยาการคำนวณ', 34);

-- --------------------------------------------------------

--
-- Table structure for table `table_faculty`
--

CREATE TABLE `table_faculty` (
  `id_faculty` int(10) NOT NULL,
  `name_faculty` varchar(255) NOT NULL,
  `id_campus` int(10) NOT NULL
) ENGINE=InnoDB DEFAULT CHARSET=utf8;

--
-- Dumping data for table `table_faculty`
--

INSERT INTO `table_faculty` (`id_faculty`, `name_faculty`, `id_campus`) VALUES
(1, 'คณะวิทยาศาสตร์', 1),
(2, 'คณะศึกษาศาสตร์', 2),
(3, 'คณะการบริการและการท่องเที่ยว', 3),
(4, 'คณะวิศวกรรมศาสตร์', 1),
(5, 'คณะสถาปัตยกรรมศาสตร์', 5),
(6, 'คณะแพทยศาสตร์', 1),
(7, 'คณะพยาบาลศาสตร์', 1),
(8, 'คณะวิทยาการจัดการ', 1),
(9, 'คณะทรัพยากรธรรมชาติ', 1),
(10, 'คณะเภสัชศาสตร์', 1),
(11, 'คณะวิทยาการสื่อสาร', 2),
(12, 'คณะศิลปกรรมศาสตร์', 2),
(13, 'คณะรัฐศาสตร์', 2),
(18, 'คณะอุตสาหกรรมเกษตร', 1),
(19, 'คณะเทคโนโลยีและสิ่งแวดล้อม', 3),
(23, 'คณะเทคนิคการแพทย์', 1),
(24, 'คณะการแพทย์แผนไทย', 1),
(25, 'คณะวิทยาการอิสลาม', 2),
(26, 'คณะวิเทศศึกษา', 3),
(29, 'คณะเศรษฐศาสตร์', 1),
(30, 'วิทยาลัยนานาชาติ', 4),
(31, 'วิทยาลัยนานาชาติ', 1),
(32, 'คณะการจัดการสิ่งแวดล้อม', 1),
(33, 'สถาบันสันติศึกษา', 1),
(34, 'คณะวิทยาศาสตร์และเทคโนโลยีอุตสาหกรรม', 4),
(35, 'คณะพาณิชยศาสตร์และการจัดการ', 5),
(36, 'คณะศิลปศาสตร์และวิทยาการจัดการ', 4);

--
-- Indexes for dumped tables
--

--
-- Indexes for table `table_campus`
--
ALTER TABLE `table_campus`
  ADD PRIMARY KEY (`id_campus`);

--
-- Indexes for table `table_department`
--
ALTER TABLE `table_department`
  ADD PRIMARY KEY (`id_department`);

--
-- Indexes for table `table_department_master`
--
ALTER TABLE `table_department_master`
  ADD PRIMARY KEY (`id_department`);

--
-- Indexes for table `table_faculty`
--
ALTER TABLE `table_faculty`
  ADD PRIMARY KEY (`id_faculty`);

--
-- AUTO_INCREMENT for dumped tables
--

--
-- AUTO_INCREMENT for table `table_campus`
--
ALTER TABLE `table_campus`
  MODIFY `id_campus` int(10) NOT NULL AUTO_INCREMENT, AUTO_INCREMENT=6;

--
-- AUTO_INCREMENT for table `table_department`
--
ALTER TABLE `table_department`
  MODIFY `id_department` int(10) NOT NULL AUTO_INCREMENT, AUTO_INCREMENT=81;

--
-- AUTO_INCREMENT for table `table_department_master`
--
ALTER TABLE `table_department_master`
  MODIFY `id_department` int(11) NOT NULL AUTO_INCREMENT, AUTO_INCREMENT=32;

--
-- AUTO_INCREMENT for table `table_faculty`
--
ALTER TABLE `table_faculty`
  MODIFY `id_faculty` int(10) NOT NULL AUTO_INCREMENT, AUTO_INCREMENT=37;
COMMIT;

/*!40101 SET CHARACTER_SET_CLIENT=@OLD_CHARACTER_SET_CLIENT */;
/*!40101 SET CHARACTER_SET_RESULTS=@OLD_CHARACTER_SET_RESULTS */;
/*!40101 SET COLLATION_CONNECTION=@OLD_COLLATION_CONNECTION */;
